timestamp,bytes_sent,interval_bytes,goodput_mbps,snd_cwnd,rtt_us,rttvar_us,retransmits,lost,retrans,snd_ssthresh,unacked,sacked,pmtu,rcv_ssthresh
0.2891652584075928,333040,333040,9.21383161543047,44,95265,178,0,0,0,2147483647,44,0,9001,56587
0.48935723304748535,1250544,917504,36.66496628150717,176,95240,8,0,0,0,2147483647,176,0,9001,56587
0.6895511150360107,3740912,2490368,99.51824602283267,701,95289,20,0,0,0,2147483647,688,0,9001,56587
0.889732837677002,6755568,3014656,120.4767732129682,2770,95319,25,0,0,0,2147483647,1907,0,9001,56587
1.0899474620819092,12260592,5505024,219.96491080958512,3996,95350,35,0,0,0,2147483647,1901,0,9001,56587
1.2901291847229004,17896688,5636096,225.23918470250578,3996,95384,59,0,0,0,2147483647,1901,0,9001,56587
1.4955589771270752,23401712,5505024,214.38074528816495,3996,99266,7818,0,0,0,2147483647,1901,0,9001,56587
1.6957809925079346,28906736,5505024,219.95679104631623,3996,95386,57,0,0,0,2147483647,1902,0,9001,56587
1.8959896564483643,34411760,5505024,219.97145944245335,3996,95373,25,0,0,0,2147483647,1901,0,9001,56587
2.0961437225341797,42145008,7733248,309.09181716785685,3996,95369,45,0,0,0,2147483647,1991,0,9001,56587
2.2962732315063477,48174320,6029312,241.01641106163896,3996,95370,45,0,0,0,2147483647,1902,0,9001,56587
2.4964497089385986,53810416,5636096,225.24508662742423,3996,95344,25,0,0,0,2147483647,1902,0,9001,56587
2.696634292602539,59577584,5767168,230.47401131274424,3996,95334,21,0,0,0,2147483647,1991,0,9001,56587
2.8968217372894287,65082608,5505024,219.9947757407196,3996,95344,28,0,0,0,2147483647,1901,0,9001,56587
3.097001314163208,70587632,5505024,220.00342236595387,3996,95348,31,0,0,0,2147483647,1901,0,9001,56587
3.2971575260162354,76223728,5636096,225.26789242548327,3996,95343,15,0,0,0,2147483647,1901,0,9001,56587
3.4973371028900146,81728752,5505024,220.00342236595387,3996,95352,24,0,0,0,2147483647,1901,0,9001,56587
3.6975224018096924,87364848,5636096,225.23516084011442,3996,95365,33,0,0,0,2147483647,1992,0,9001,56587
3.8977184295654297,93132016,5767168,230.46083639727848,3996,95374,46,0,0,0,2147483647,1992,0,9001,56587
4.0978991985321045,98899184,5767168,230.47840328598568,3996,95400,14,0,0,0,2147483647,1992,0,9001,56587
4.298055410385132,107549936,8650752,345.7600209321371,3996,95386,26,0,0,0,2147483647,1992,0,9001,56587
4.498230934143066,113317104,5767168,230.48444252251497,3996,95695,27,0,0,0,2147483647,1992,0,9001,56587
4.698407411575317,118822128,5505024,220.00682879887947,3996,95355,47,0,0,0,2147483647,1901,0,9001,56587
4.898589372634888,124589296,5767168,230.47703077636658,3996,95361,15,0,0,0,2147483647,1991,0,9001,56587
5.0987701416015625,130225392,5636096,225.24025775675872,3996,95315,24,0,0,0,2147483647,1991,0,9001,56587
5.2989654541015625,135730416,5505024,219.98612979512194,3996,95339,27,0,0,0,2147483647,1901,0,9001,56587
5.499178647994995,141366512,5636096,225.20377964700657,3996,95401,32,0,0,0,2147483647,1902,0,9001,56587
5.699403285980225,147002608,5636096,225.19090784085316,3996,95372,34,0,0,0,2147483647,1901,0,9001,56587
5.899587631225586,152638704,5636096,225.23623385602775,3996,95349,20,0,0,0,2147483647,1992,0,9001,56587
6.099817276000977,158274800,5636096,225.1852768883385,3996,95394,37,0,0,0,2147483647,1992,0,9001,56587
6.299947023391724,166401264,8126464,324.84781921533465,3996,95386,41,0,0,0,2147483647,1894,0,9001,56587
6.501192569732666,172561648,6160384,244.8902492306912,3996,95381,24,0,0,0,2147483647,1991,0,9001,56587
6.7013866901397705,178066672,5505024,219.9874397431959,3996,95331,26,0,0,0,2147483647,1901,0,9001,56587
6.9015467166900635,183571696,5505024,220.02491086268063,3996,95351,37,0,0,0,2147483647,1901,0,9001,56587
7.101722240447998,189076720,5505024,220.00787695330973,3996,95538,92,0,0,0,2147483647,1901,0,9001,56587
7.301928758621216,194581744,5505024,219.97381704573988,3996,95335,14,0,0,0,2147483647,1901,0,9001,56587
7.5021138191223145,200086768,5505024,219.99739585841024,3996,100393,10173,0,0,0,2147483647,1901,0,9001,56587
7.702301025390625,205591792,5505024,219.99503774968022,3996,95369,46,0,0,0,2147483647,1901,0,9001,56587
7.902487277984619,211096816,5505024,219.99608579176362,3996,95332,31,0,0,0,2147483647,1901,0,9001,56587
8.10265326499939,216601840,5505024,220.01835904693547,3996,95378,13,0,0,0,2147483647,1901,0,9001,56587
8.302825450897217,222237936,5636096,225.2499157051441,3996,95350,36,0,0,0,2147483647,1892,0,9001,56587
8.503148317337036,230495472,8257536,329.76908315080306,3996,95396,46,0,0,0,2147483647,1902,0,9001,56587
8.70330810546875,236262640,5767168,230.50256213120898,3996,95402,35,0,0,0,2147483647,1992,0,9001,56587
8.903508186340332,242029808,5767168,230.45617064258187,3996,95373,48,0,0,0,2147483647,1992,0,9001,56587
9.103671789169312,247796976,5767168,230.498169237191,3996,95405,34,0,0,0,2147483647,1992,0,9001,56587
9.303824663162231,253564144,5767168,230.5105246784117,3996,95356,19,0,0,0,2147483647,1901,0,9001,56587
9.504005670547485,259331312,5767168,230.4781287827541,3996,95349,24,0,0,0,2147483647,1992,0,9001,56587
9.704190731048584,264967408,5636096,225.2354290931343,3996,95333,21,0,0,0,2147483647,1992,0,9001,56587
9.90437388420105,270603504,5636096,225.23757514029649,3996,95357,83,0,0,0,2147483647,1901,0,9001,56587
10.104556560516357,276239600,5636096,225.23811165847692,3996,95365,13,0,0,0,2147483647,1901,0,9001,56587
10.304742097854614,281744624,5505024,219.99687182987927,3996,95351,38,0,0,0,2147483647,1902,0,9001,56587
10.504908561706543,290395376,8650752,345.7423120148364,3996,95393,40,0,0,0,2147483647,1992,0,9001,56587
10.705104112625122,296031472,5636096,225.22362656469778,3996,95400,30,0,0,0,2147483647,1901,0,9001,56587
10.905302286148071,301798640,5767168,230.45836626831743,3996,95382,31,0,0,0,2147483647,1992,0,9001,56587
11.105491638183594,307565808,5767168,230.46852158157338,3996,95338,23,0,0,0,2147483647,1992,0,9001,56587
11.305670976638794,313070832,5505024,220.0036843955108,3996,95329,32,0,0,0,2147483647,1901,0,9001,56587
11.50585412979126,318838000,5767168,230.47565828309408,3996,95421,36,0,0,0,2147483647,1992,0,9001,56587
11.706037521362305,324474096,5636096,225.23730688216477,3996,95358,31,0,0,0,2147483647,1901,0,9001,56587
11.906220197677612,330241264,5767168,230.4762072784415,3996,95414,54,0,0,0,2147483647,1991,0,9001,56587
12.106395721435547,335877360,5636096,225.24615973791236,3996,95386,31,0,0,0,2147483647,1992,0,9001,56587
12.306581258773804,341644528,5767168,230.4729133455878,3996,95411,21,0,0,0,2147483647,1992,0,9001,56587
12.506763696670532,347280624,5636096,225.23837991852562,3996,95353,18,0,0,0,2147483647,1992,0,9001,56587
12.706957340240479,355800304,8519680,340.45756291051396,3996,95380,41,0,0,0,2147483647,1992,0,9001,56587
12.90713119506836,361567472,5767168,230.48636416414678,3996,95395,26,0,0,0,2147483647,1992,0,9001,56587
13.107295274734497,367334640,5767168,230.49762013721175,3996,95345,24,0,0,0,2147483647,1992,0,9001,56587
13.307444095611572,372970736,5636096,225.2762109834863,3996,95352,55,0,0,0,2147483647,1901,0,9001,56587
13.507643222808838,378606832,5636096,225.21960325816963,3996,95359,40,0,0,0,2147483647,1901,0,9001,56587
13.707828521728516,384242928,5636096,225.23516084011442,3996,95326,28,0,0,0,2147483647,1992,0,9001,56587
13.908012866973877,389747952,5505024,219.99818190588758,3996,95369,23,0,0,0,2147483647,1901,0,9001,56587
14.10822057723999,395252976,5505024,219.9725072598972,3996,95330,38,0,0,0,2147483647,1901,0,9001,56587
14.308404684066772,400889072,5636096,225.23650211160353,3996,95387,34,0,0,0,2147483647,1901,0,9001,56587
14.508554458618164,406525168,5636096,225.2751375866414,3996,95396,21,0,0,0,2147483647,1901,0,9001,56587
14.708826303482056,414782704,8257536,329.85309565054325,3996,95380,22,0,0,0,2147483647,1928,0,9001,56587
14.909139156341553,420680944,5898240,235.5611201498739,3996,95332,39,0,0,0,2147483647,1902,0,9001,56587
15.109322309494019,426185968,5505024,219.9994919974989,3996,95327,21,0,0,0,2147483647,1901,0,9001,56587
15.30949878692627,431953136,5767168,230.48334445596896,3996,95383,20,0,0,0,2147483647,1991,0,9001,56587
15.509685516357422,437589232,5636096,225.23355133541358,3996,95340,37,0,0,0,2147483647,1992,0,9001,56587
15.709898233413696,443356400,5767168,230.44162567871268,3996,95400,32,0,0,0,2147483647,1992,0,9001,56587
15.910086631774902,449123568,5767168,230.4696195068856,3996,95408,49,0,0,0,2147483647,1992,0,9001,56587
16.110262870788574,454890736,5767168,230.4836189716246,3996,95371,42,0,0,0,2147483647,1992,0,9001,56587
16.310460090637207,460526832,5636096,225.2217490037633,3996,95364,32,0,0,0,2147483647,1992,0,9001,56587
16.510647535324097,466162928,5636096,225.23274659168914,3996,95344,20,0,0,0,2147483647,1992,0,9001,56587
16.71083688735962,471930096,5767168,230.46852158157338,3996,95397,50,0,0,0,2147483647,1992,0,9001,56587
16.911001920700073,480580848,8650752,345.7447829176526,3996,95409,46,0,0,0,2147483647,1992,0,9001,56587
17.11118459701538,486348016,5767168,230.4762072784415,3996,95385,33,0,0,0,2147483647,1992,0,9001,56587
17.311368942260742,492115184,5767168,230.47428580616793,3996,95365,27,0,0,0,2147483647,1991,0,9001,56587
17.511576890945435,497751280,5636096,225.2096797166147,3996,95369,34,0,0,0,2147483647,1901,0,9001,56587
17.711751222610474,503387376,5636096,225.24750114040154,3996,95336,23,0,0,0,2147483647,1902,0,9001,56587
17.91190218925476,509023472,5636096,225.2737958549698,3996,95353,28,0,0,0,2147483647,1992,0,9001,56587
18.112088680267334,514659568,5636096,225.23381958459964,3996,95393,31,0,0,0,2147483647,1901,0,9001,56587
18.312278985977173,520295664,5636096,225.22952767429635,3996,95386,27,0,0,0,2147483647,1992,0,9001,56587
18.512463808059692,525931760,5636096,225.23569734679313,3996,95344,36,0,0,0,2147483647,1901,0,9001,56587
18.712626218795776,531698928,5767168,230.49954199858493,3996,95379,20,0,0,0,2147483647,1992,0,9001,56587
18.91281509399414,538645744,6946816,277.6104713357923,3996,95363,20,0,0,0,2147483647,1873,0,9001,56587
19.11313033103943,545723632,7077888,282.6699797539536,3996,95348,31,0,0,0,2147483647,1901,0,9001,56587
19.313307285308838,551359728,5636096,225.2445500760145,3996,95358,24,0,0,0,2147483647,1991,0,9001,56587
19.513490676879883,557126896,5767168,230.47538378640115,3996,95482,38,0,0,0,2147483647,1992,0,9001,56587
19.7136709690094,562631920,5505024,220.00263628102815,3996,95351,38,0,0,0,2147483647,1901,0,9001,56587
19.913833379745483,568136944,5505024,220.02229008955837,3996,95375,43,0,0,0,2147483647,1901,0,9001,56587
20.11401391029358,573641968,5505024,220.00237425396787,3996,95344,23,0,0,0,2147483647,1901,0,9001,56587
20.314194679260254,579146992,5505024,220.00211222753177,3996,95355,19,0,0,0,2147483647,1901,0,9001,56587
20.514379739761353,584783088,5636096,225.2354290931343,3996,95334,19,0,0,0,2147483647,1992,0,9001,56587
20.714564085006714,590288112,5505024,219.99818190588758,3996,95365,19,0,0,0,2147483647,1901,0,9001,56587
20.91476321220398,595793136,5505024,219.98193806611917,3996,95341,15,0,0,0,2147483647,1901,0,9001,56587
21.114935874938965,604050672,8257536,330.01653221478705,3996,95352,29,0,0,0,2147483647,1901,0,9001,56587
21.315104722976685,609555696,5505024,220.015214313973,3996,95331,29,0,0,0,2147483647,1901,0,9001,56587
21.515374898910522,615191792,5636096,225.1397033520144,3996,98480,44,0,0,0,2147483647,1846,0,9001,56587
21.71569514274597,620696816,5505024,219.8489336713084,3996,95353,32,0,0,0,2147483647,1901,0,9001,56587
21.915878295898438,626201840,5505024,219.9994919974989,3996,95330,15,0,0,0,2147483647,1901,0,9001,56587
22.116059064865112,631706864,5505024,220.00211222753177,3996,95331,35,0,0,0,2147483647,1901,0,9001,56587
22.316251754760742,637211888,5505024,219.9890117014776,3996,95424,129,0,0,0,2147483647,1901,0,9001,56587
22.516457557678223,642716912,5505024,219.9746029247324,3996,95735,811,0,0,0,2147483647,1901,0,9001,56587
22.716642141342163,648221936,5505024,219.99791988943767,3996,95338,41,0,0,0,2147483647,1901,0,9001,56587
22.916831254959106,653726960,5505024,219.9929416954698,3996,95336,34,0,0,0,2147483647,1901,0,9001,56587
23.117005825042725,659625200,5898240,235.72384834042208,3996,95393,28,0,0,0,2147483647,1901,0,9001,56587
23.317163467407227,665785584,6160384,246.22128547183755,3996,95373,56,0,0,0,2147483647,1901,0,9001,56587
23.517303466796875,672470256,6684672,267.19984092678044,3996,95344,18,0,0,0,2147483647,1901,0,9001,56587
23.71747398376465,678499568,6029312,240.96703515915652,3996,95407,23,0,0,0,2147483647,1901,0,9001,56587
23.917677640914917,684004592,5505024,219.976960595402,3996,95345,22,0,0,0,2147483647,1901,0,9001,56587
24.11786389350891,689509616,5505024,219.99608579176362,3996,95367,54,0,0,0,2147483647,1901,0,9001,56587
24.31806492805481,695014640,5505024,219.97984226152073,3996,95322,20,0,0,0,2147483647,1901,0,9001,56587
24.518253803253174,700519664,5505024,219.9932037000618,3996,95339,38,0,0,0,2147483647,1901,0,9001,56587
24.71843671798706,706024688,5505024,219.99975401769356,3996,95323,36,0,0,0,2147483647,1901,0,9001,56587
24.9186270236969,711529712,5505024,219.99163168187084,3996,95297,16,0,0,0,2147483647,1901,0,9001,56587
25.11878204345703,717165808,5636096,225.26923408683388,3996,95334,14,0,0,0,2147483647,1894,0,9001,56587
25.31898784637451,723457264,6291456,251.39954619969419,3996,95351,30,0,0,0,2147483647,1901,0,9001,56587
25.519127130508423,730273008,6815744,272.44002713388966,3996,95347,25,0,0,0,2147483647,1901,0,9001,56587
25.719300985336304,736302320,6029312,240.9630170806989,3996,95411,83,0,0,0,2147483647,1901,0,9001,56587
25.91951084136963,741807344,5505024,219.9701496846861,3996,95352,26,0,0,0,2147483647,1901,0,9001,56587
26.11969804763794,747312368,5505024,219.99503774968022,3996,95336,14,0,0,0,2147483647,1901,0,9001,56587
26.31988000869751,752817392,5505024,220.00080210471353,3996,95344,43,0,0,0,2147483647,1901,0,9001,56587
26.520061254501343,758322416,5505024,220.00158817653204,3996,95395,40,0,0,0,2147483647,1901,0,9001,56587
26.72023606300354,763827440,5505024,220.00866307568657,3996,95328,23,0,0,0,2147483647,1901,0,9001,56587
26.920418977737427,769332464,5505024,219.99975401769356,3996,95338,31,0,0,0,2147483647,1901,0,9001,56587
27.120602130889893,774837488,5505024,219.9994919974989,3996,95327,34,0,0,0,2147483647,1901,0,9001,56587
27.320763111114502,781260016,6422528,256.69450630359626,3996,95348,41,0,0,0,2147483647,1901,0,9001,56587
27.520920991897583,787551472,6291456,251.45973669928281,3996,95404,36,0,0,0,2147483647,1899,0,9001,56587
27.72109079360962,794105072,6553600,261.9216262971773,3996,95349,32,0,0,0,2147483647,1901,0,9001,56587
27.921268701553345,799610096,5505024,220.00525658595987,3996,95354,19,0,0,0,2147483647,1901,0,9001,56587
28.121448040008545,805115120,5505024,220.0036843955108,3996,95339,19,0,0,0,2147483647,1901,0,9001,56587
28.32163095474243,810620144,5505024,219.99975401769356,3996,95344,31,0,0,0,2147483647,1901,0,9001,56587
28.5218288898468,816125168,5505024,219.98324796427258,3996,95344,24,0,0,0,2147483647,1901,0,9001,56587
28.72201704978943,821630192,5505024,219.99398971758234,3996,95344,22,0,0,0,2147483647,1901,0,9001,56587
28.922205924987793,827135216,5505024,219.9932037000618,3996,95342,18,0,0,0,2147483647,1901,0,9001,56587
29.122363328933716,832640240,5505024,220.02779378522752,3996,95347,25,0,0,0,2147483647,1901,0,9001,56587
29.322529315948486,839062768,6422528,256.68808555475806,3996,95338,23,0,0,0,2147483647,1901,0,9001,56587
29.522695064544678,845354224,6291456,251.4498526995126,3996,95432,62,0,0,0,2147483647,1901,0,9001,56587
29.722848892211914,851907824,6553600,261.9425299583326,3996,95349,23,0,0,0,2147483647,1901,0,9001,56587
29.92301869392395,857412848,5505024,220.0141660896289,3996,95330,36,0,0,0,2147483647,1901,0,9001,56587
30.123199939727783,862917872,5505024,220.00158817653204,3996,95341,45,0,0,0,2147483647,1901,0,9001,56587
30.323384284973145,868422896,5505024,219.99818190588758,3996,95354,17,0,0,0,2147483647,1901,0,9001,56587
30.523569345474243,873927920,5505024,219.99739585841024,3996,95359,9,0,0,0,2147483647,1901,0,9001,56587
30.723734855651855,879432944,5505024,220.01888317783587,3996,95364,31,0,0,0,2147483647,1901,0,9001,56587
30.923938989639282,884937968,5505024,219.97643666421902,3996,95350,30,0,0,0,2147483647,1901,0,9001,56587
31.124146699905396,890442992,5505024,219.9725072598972,3996,95349,44,0,0,0,2147483647,1901,0,9001,56587
31.32432770729065,895948016,5505024,220.00185020171983,3996,95354,9,0,0,0,2147483647,1901,0,9001,56587
31.524503469467163,903156976,7208960,288.105210006122,3996,95354,31,0,0,0,2147483647,1901,0,9001,56587
31.72467279434204,909710576,6553600,261.9222502387529,3996,95344,28,0,0,0,2147483647,1901,0,9001,56587
31.92484450340271,915215600,5505024,220.01206967090488,3996,95347,12,0,0,0,2147483647,1901,0,9001,56587
32.12502145767212,920720624,5505024,220.0063047254095,3996,95361,23,0,0,0,2147483647,1901,0,9001,56587
32.32520365715027,926225648,5505024,220.00054008202233,3996,95337,15,0,0,0,2147483647,1901,0,9001,56587
32.52538704872131,931730672,5505024,219.99922997792837,3996,95358,27,0,0,0,2147483647,1901,0,9001,56587
32.72559332847595,937235696,5505024,219.97407900478012,3996,95348,27,0,0,0,2147483647,1901,0,9001,56587
32.925734758377075,942740720,5505024,220.0453550359734,3996,95353,34,0,0,0,2147483647,1901,0,9001,56587
33.12594938278198,948245744,5505024,219.96491080958512,3996,95342,22,0,0,0,2147483647,1901,0,9001,56587
33.326143980026245,954012912,5767168,230.46248317933683,3996,95336,7,0,0,0,2147483647,1992,0,9001,56587
33.52631068229675,961352944,7340032,293.35676380702273,3996,95364,7,0,0,0,2147483647,1992,0,9001,56587
33.7264678478241,968299760,6946816,277.65445145858587,3996,95360,18,0,0,0,2147483647,1901,0,9001,56587
33.926631689071655,973804784,5505024,220.02071765565282,3996,95340,45,0,0,0,2147483647,1901,0,9001,56587
34.12681221961975,979440880,5636096,225.2405260219195,3996,95338,42,0,0,0,2147483647,1901,0,9001,56587
34.32699394226074,985076976,5636096,225.23918470250578,3996,95340,30,0,0,0,2147483647,1991,0,9001,56587
34.52717685699463,990713072,5636096,225.2378433990672,3996,95870,60,0,0,0,2147483647,1992,0,9001,56587
34.727360010147095,996218096,5505024,219.9994919974989,3996,95358,33,0,0,0,2147483647,1901,0,9001,56587
34.927546977996826,1001854192,5636096,225.23328308686646,3996,95367,29,0,0,0,2147483647,1992,0,9001,56587
35.12774634361267,1007359216,5505024,219.98167608836044,3996,95388,69,0,0,0,2147483647,1901,0,9001,56587
35.32796835899353,1012864240,5505024,219.95679104631623,3996,95356,15,0,0,0,2147483647,1901,0,9001,56587
35.52820658683777,1018631408,5767168,230.4122669118377,3996,95378,29,0,0,0,2147483647,1903,0,9001,56587
35.72847938537598,1026364656,7733248,308.90857096700137,3996,95359,19,0,0,0,2147483647,1901,0,9001,56587
35.92864274978638,1032393968,6029312,240.97564577853268,3996,95366,16,0,0,0,2147483647,1902,0,9001,56587
36.128806829452515,1037898992,5505024,220.02045558552032,3996,95351,22,0,0,0,2147483647,1901,0,9001,56587
36.32898950576782,1043404016,5505024,220.00001603851234,3996,95358,53,0,0,0,2147483647,1901,0,9001,56587
36.52921152114868,1049040112,5636096,225.19385749979995,3996,95500,23,0,0,0,2147483647,1992,0,9001,56587
36.72940731048584,1054545136,5505024,219.98560582026053,3996,95620,110,0,0,0,2147483647,1901,0,9001,56587
36.929595947265625,1060050160,5505024,219.9934657052779,3996,95334,12,0,0,0,2147483647,1901,0,9001,56587
37.12978005409241,1065555184,5505024,219.99844392296157,3996,95340,24,0,0,0,2147483647,1901,0,9001,56587
37.32999086380005,1071060208,5505024,219.96910188970224,3996,95349,35,0,0,0,2147483647,1901,0,9001,56587
37.53017735481262,1076565232,5505024,219.99582378030664,3996,95335,33,0,0,0,2147483647,1901,0,9001,56587
37.730324506759644,1082856688,6291456,251.4732161331113,3996,95348,30,0,0,0,2147483647,1902,0,9001,56587
37.93050789833069,1090327792,7471104,298.5703835414742,3996,95351,34,0,0,0,2147483647,1901,0,9001,56587
38.13068699836731,1095832816,5505024,220.00394642569188,3996,95351,28,0,0,0,2147483647,1901,0,9001,56587
38.330849409103394,1101337840,5505024,220.02229008955837,3996,95361,27,0,0,0,2147483647,1901,0,9001,56587
38.53103590011597,1106842864,5505024,219.99582378030664,3996,95365,47,0,0,0,2147483647,1901,0,9001,56587
38.73123645782471,1112347888,5505024,219.9803662089265,3996,95358,28,0,0,0,2147483647,1901,0,9001,56587
38.93142628669739,1117852912,5505024,219.99215568543823,3996,95377,26,0,0,0,2147483647,1901,0,9001,56587
39.13161826133728,1123357936,5505024,219.98979768904303,3996,95320,19,0,0,0,2147483647,1901,0,9001,56587
39.3318293094635,1128862960,5505024,219.96883994251596,3996,95390,8,0,0,0,2147483647,1902,0,9001,56587
39.53202199935913,1134367984,5505024,219.9890117014776,3996,95380,38,0,0,0,2147483647,1901,0,9001,56587
39.73218131065369,1140659440,6291456,251.45793955061944,3996,95328,28,0,0,0,2147483647,1901,0,9001,56587
39.93230485916138,1148130544,7471104,298.65966522027355,3996,95371,46,0,0,0,2147483647,1901,0,9001,56587
40.13247084617615,1153635568,5505024,220.01835904693547,3996,95383,10,0,0,0,2147483647,1901,0,9001,56587
40.33264112472534,1159140592,5505024,220.0136419812024,3996,95354,29,0,0,0,2147483647,1902,0,9001,56587
40.5328094959259,1164645616,5505024,220.01573842989063,3996,95349,65,0,0,0,2147483647,1901,0,9001,56587
40.73299551010132,1170150640,5505024,219.99634780384474,3996,95371,43,0,0,0,2147483647,1901,0,9001,56587
40.933165550231934,1175655664,5505024,220.0139040351035,3996,100502,10133,0,0,0,2147483647,1901,0,9001,56587
41.13336181640625,1181160688,5505024,219.98508184789517,3996,95380,33,0,0,0,2147483647,1901,0,9001,56587
41.333542585372925,1186665712,5505024,220.00211222753177,3996,95324,29,0,0,0,2147483647,1901,0,9001,56587
41.53375244140625,1192170736,5505024,219.9701496846861,3996,100394,10156,0,0,0,2147483647,1901,0,9001,56587
41.733962535858154,1197675760,5505024,219.96988773500433,3996,95374,34,0,0,0,2147483647,1901,0,9001,56587
41.9340980052948,1205933296,8257536,330.07786268946154,3996,95358,23,0,0,0,2147483647,1901,0,9001,56587
42.13423824310303,1211438320,5505024,220.04666568947965,3996,95361,43,0,0,0,2147483647,1902,0,9001,56587
42.33441185951233,1216943344,5505024,220.00997329213223,3996,95357,35,0,0,0,2147483647,1901,0,9001,56587
42.534594774246216,1222448368,5505024,219.99975401769356,3996,95441,112,0,0,0,2147483647,1901,0,9001,56587
42.73478126525879,1227953392,5505024,219.99582378030664,3996,95337,14,0,0,0,2147483647,1902,0,9001,56587
42.93498969078064,1233458416,5505024,219.97172139587846,3996,95342,24,0,0,0,2147483647,1901,0,9001,56587
43.1351752281189,1238963440,5505024,219.99687182987927,3996,95357,48,0,0,0,2147483647,1901,0,9001,56587
43.33538246154785,1244468464,5505024,219.97303117236254,3996,95372,6,0,0,0,2147483647,1901,0,9001,56587
43.535579204559326,1250104560,5636096,225.22228544655025,3996,95332,27,0,0,0,2147483647,1901,0,9001,56587
43.73575735092163,1255609584,5505024,220.0049945526579,3996,95401,60,0,0,0,2147483647,1901,0,9001,56587
43.935925006866455,1263867120,8257536,330.02478691267373,3996,95347,55,0,0,0,2147483647,1853,0,9001,56587
44.13611054420471,1269372144,5505024,219.99687182987927,3996,95352,45,0,0,0,2147483647,1901,0,9001,56587
44.33628487586975,1274877168,5505024,220.0091871603922,3996,95331,47,0,0,0,2147483647,1901,0,9001,56587
44.53646898269653,1280382192,5505024,219.99844392296157,3996,95338,47,0,0,0,2147483647,1901,0,9001,56587
44.736653089523315,1285887216,5505024,219.99844392296157,3996,95375,29,0,0,0,2147483647,1901,0,9001,56587
44.936837911605835,1291392240,5505024,219.9976578736119,3996,95325,34,0,0,0,2147483647,1901,0,9001,56587
45.137070417404175,1296897264,5505024,219.94526725023456,3996,95337,18,0,0,0,2147483647,1901,0,9001,56587
45.337260484695435,1302533360,5636096,225.22979591389827,3996,95330,36,0,0,0,2147483647,1992,0,9001,56587
45.53745174407959,1308169456,5636096,225.22845472227786,3996,95352,26,0,0,0,2147483647,1901,0,9001,56587
45.73763632774353,1313674480,5505024,219.99791988943767,3996,95351,13,0,0,0,2147483647,1901,0,9001,56587
45.93782138824463,1320228080,6553600,261.90166173620264,3996,95361,38,0,0,0,2147483647,1902,0,9001,56587
46.13806438446045,1327437040,7208960,288.00847515206937,3996,95333,30,0,0,0,2147483647,1901,0,9001,56587
46.33825659751892,1332942064,5505024,219.98953569256383,3996,95350,18,0,0,0,2147483647,1901,0,9001,56587
46.53845524787903,1338447088,5505024,219.98246202350856,3996,95325,25,0,0,0,2147483647,1901,0,9001,56587
46.73866319656372,1343952112,5505024,219.9722453046004,3996,95314,12,0,0,0,2147483647,1901,0,9001,56587
46.93887996673584,1349457136,5505024,219.96255339720162,3996,95338,44,0,0,0,2147483647,1901,0,9001,56587
47.13906121253967,1354962160,5505024,220.00158817653204,3996,95368,17,0,0,0,2147483647,1901,0,9001,56587
47.33924913406372,1360598256,5636096,225.2322100990676,3996,95314,19,0,0,0,2147483647,1992,0,9001,56587
47.53943943977356,1366365424,5767168,230.46742366672186,3996,95339,15,0,0,0,2147483647,1992,0,9001,56587
47.73963975906372,1371870448,5505024,219.98062818356533,3996,95379,54,0,0,0,2147483647,1901,0,9001,56587
47.93982219696045,1377375472,5505024,220.00027805995526,3996,95392,26,0,0,0,2147483647,1901,0,9001,56587
48.13997793197632,1385633008,8257536,330.04444261745726,3996,95379,31,0,0,0,2147483647,1901,0,9001,56587
48.340160846710205,1391269104,5636096,225.2378433990672,3996,95370,35,0,0,0,2147483647,1901,0,9001,56587
48.54037857055664,1397036272,5767168,230.4358630876593,3996,95361,22,0,0,0,2147483647,1991,0,9001,56587
48.74064564704895,1402672368,5636096,225.14318773576068,3996,95365,32,0,0,0,2147483647,1902,0,9001,56587
48.94082760810852,1408308464,5636096,225.23891644054004,3996,95351,23,0,0,0,2147483647,1901,0,9001,56587
49.141008377075195,1413944560,5636096,225.24025775675872,3996,95372,49,0,0,0,2147483647,1992,0,9001,56587
49.341169357299805,1419449584,5505024,220.02386254593966,3996,95333,22,0,0,0,2147483647,1901,0,9001,56587
49.541359424591064,1425085680,5636096,225.22979591389827,3996,95348,32,0,0,0,2147483647,1991,0,9001,56587
49.741546392440796,1430852848,5767168,230.47126641446803,3996,95395,30,0,0,0,2147483647,1991,0,9001,56587
49.941734313964844,1436357872,5505024,219.99425172467068,3996,95336,24,0,0,0,2147483647,1901,0,9001,56587
50.14191222190857,1444877552,8519680,340.4843256687474,3996,95371,22,0,0,0,2147483647,1992,0,9001,56587
50.34210824966431,1450644720,5767168,230.46083639727848,3996,95380,47,0,0,0,2147483647,1992,0,9001,56587
50.542338371276855,1456411888,5767168,230.42159505489946,3996,95354,15,0,0,0,2147483647,1992,0,9001,56587
50.7425274848938,1462047984,5636096,225.23086887869528,3996,95385,20,0,0,0,2147483647,1901,0,9001,56587
50.942713260650635,1467553008,5505024,219.99660981654995,3996,95347,16,0,0,0,2147483647,1901,0,9001,56587
51.14294481277466,1473320176,5767168,230.4199488571238,3996,95376,28,0,0,0,2147483647,1992,0,9001,56587
51.34313654899597,1479087344,5767168,230.465776814058,3996,95384,33,0,0,0,2147483647,1991,0,9001,56587
51.54349708557129,1484854512,5767168,230.27161330572972,3996,95411,59,0,0,0,2147483647,1992,0,9001,56587
51.74369835853577,1490490608,5636096,225.21718934324792,3996,95392,26,0,0,0,2147483647,1901,0,9001,56587
51.94390559196472,1495995632,5505024,219.97303117236254,3996,95468,72,0,0,0,2147483647,1901,0,9001,56587
52.14409852027893,1501500656,5505024,219.98874970687055,3996,95319,18,0,0,0,2147483647,1801,0,9001,56587
52.34446692466736,1508185328,6684672,266.89525308756004,3996,95325,22,0,0,0,2147483647,1901,0,9001,56587
52.54463481903076,1514607856,6422528,256.6856396396896,3996,95362,14,0,0,0,2147483647,1901,0,9001,56587
52.74481749534607,1520768240,6160384,246.19049413833523,3996,95328,14,0,0,0,2147483647,1901,0,9001,56587
52.94499850273132,1526273264,5505024,220.00185020171983,3996,95460,40,0,0,0,2147483647,1901,0,9001,56587
53.14517831802368,1531778288,5505024,220.00316033702114,3996,95334,19,0,0,0,2147483647,1901,0,9001,56587
53.34537220001221,1537283312,5505024,219.98770173468276,3996,95334,40,0,0,0,2147483647,1901,0,9001,56587
53.54552960395813,1542788336,5505024,220.02779378522752,3996,95335,19,0,0,0,2147483647,1901,0,9001,56587
53.745715618133545,1548293360,5505024,219.99634780384474,3996,95331,18,0,0,0,2147483647,1901,0,9001,56587
53.94590091705322,1553798384,5505024,219.9971338438327,3996,95357,36,0,0,0,2147483647,1901,0,9001,56587
54.14610552787781,1559303408,5505024,219.97591273553178,3996,95456,40,0,0,0,2147483647,1901,0,9001,56587
54.34625744819641,1565988080,6684672,267.1839266636776,3996,95378,35,0,0,0,2147483647,1901,0,9001,56587
54.54641890525818,1572410608,6422528,256.6938947898678,3996,95355,62,0,0,0,2147483647,1901,0,9001,56587
54.74657487869263,1578570992,6160384,246.22333850126324,3996,95341,13,0,0,0,2147483647,1901,0,9001,56587
54.946762561798096,1584076016,5505024,219.9945137323831,3996,95369,17,0,0,0,2147483647,1901,0,9001,56587
55.14696526527405,1589581040,5505024,219.9780084652553,3996,95350,58,0,0,0,2147483647,1901,0,9001,56587
55.34715557098389,1595086064,5505024,219.99163168187084,3996,95346,39,0,0,0,2147483647,1901,0,9001,56587
55.547340393066406,1600591088,5505024,219.9976578736119,3996,95355,33,0,0,0,2147483647,1901,0,9001,56587
55.74752736091614,1606096112,5505024,219.99529975926492,3996,95603,81,0,0,0,2147483647,1901,0,9001,56587
55.94768166542053,1611601136,5505024,220.0312009729127,3996,95351,33,0,0,0,2147483647,1901,0,9001,56587
56.147908210754395,1617106160,5505024,219.95181471351054,3996,95336,25,0,0,0,2147483647,1901,0,9001,56587
56.348053216934204,1623790832,6684672,267.19315670537446,3996,95361,29,0,0,0,2147483647,1902,0,9001,56587
56.54820799827576,1630213360,6422528,256.7024562472109,3996,95401,11,0,0,0,2147483647,1901,0,9001,56587
56.7483434677124,1636373744,6160384,246.2485642286459,3996,95371,26,0,0,0,2147483647,1901,0,9001,56587
56.94850730895996,1641878768,5505024,220.02071765565282,3996,95318,20,0,0,0,2147483647,1901,0,9001,56587
57.148659229278564,1647383792,5505024,220.0338219583227,3996,95333,17,0,0,0,2147483647,1901,0,9001,56587
57.34883737564087,1652888816,5505024,220.0049945526579,3996,95385,24,0,0,0,2147483647,1901,0,9001,56587
57.549022912979126,1658393840,5505024,219.99687182987927,3996,95450,93,0,0,0,2147483647,1901,0,9001,56587
57.74920678138733,1663898864,5505024,219.9987059406597,3996,95355,27,0,0,0,2147483647,1901,0,9001,56587
57.94942355155945,1669403888,5505024,219.96255339720162,3996,95354,40,0,0,0,2147483647,1901,0,9001,56587
58.149609088897705,1674908912,5505024,219.99687182987927,3996,95355,25,0,0,0,2147483647,1901,0,9001,56587
58.34994435310364,1681200368,6291456,251.2370859893248,3996,95339,25,0,0,0,2147483647,1811,0,9001,56587
58.55013394355774,1688016112,6815744,272.37156475676704,3996,95347,15,0,0,0,2147483647,1901,0,9001,56587
58.75027108192444,1694176496,6160384,246.24651077853224,3996,95369,18,0,0,0,2147483647,1901,0,9001,56587
58.950433015823364,1699681520,5505024,220.02281423918814,3996,95364,50,0,0,0,2147483647,1901,0,9001,56587
59.15061545372009,1705186544,5505024,220.00027805995526,3996,95326,26,0,0,0,2147483647,1901,0,9001,56587
59.350826025009155,1710691568,5505024,219.9693638375124,3996,95349,20,0,0,0,2147483647,1901,0,9001,56587
59.551011085510254,1716196592,5505024,219.99739585841024,3996,95342,17,0,0,0,2147483647,1901,0,9001,56587
59.75121998786926,1721701616,5505024,219.97119748965213,3996,95323,30,0,0,0,2147483647,1901,0,9001,56587
59.951412200927734,1727206640,5505024,219.98953569256383,3996,95351,33,0,0,0,2147483647,1901,0,9001,56587
60.15159296989441,1730090224,2883584,115.23920164299284,3996,95336,12,0,0,0,2147483647,91,0,9001,56587
